tier,brand_family,name,expression_type,image_url,id
1,1792,1792 Full Proof,Full Proof,https://jafcwggqgqxrcbuxjreo.supabase.co/storage/v1/object/public/product-catalog/bourbon/0781fde8-a849-4a57-96fb-e7458d20d9ce.jpg,0781fde8-a849-4a57-96fb-e7458d20d9ce
1,Barrell,Barrell Foundation,,https://jafcwggqgqxrcbuxjreo.supabase.co/storage/v1/object/public/product-catalog/bourbon/4915de66-152e-41d4-b7fd-28d49332b233.jpg?t=1780177931476,4915de66-152e-41d4-b7fd-28d49332b233
1,Basil Hayden,Basil Hayden,,https://jafcwggqgqxrcbuxjreo.supabase.co/storage/v1/object/public/product-catalog/bourbon/df3159bf-316d-4f6d-b32f-740ef6628cd8.jpg?t=1779844511622,df3159bf-316d-4f6d-b32f-740ef6628cd8
1,Blanton's,Blanton's Single Barrel,Single Barrel,https://jafcwggqgqxrcbuxjreo.supabase.co/storage/v1/object/public/product-catalog/bourbon/5dbaa5c6-44cf-49cc-8b8d-4b22957d91a4.jpg?t=1780179561017,5dbaa5c6-44cf-49cc-8b8d-4b22957d91a4
1,Blue Note,Blue Note Uncut,,https://jafcwggqgqxrcbuxjreo.supabase.co/storage/v1/object/public/product-catalog/bourbon/f704d426-bb89-4c62-b350-bd8cb42fd72d.jpg?t=1780275543859,f704d426-bb89-4c62-b350-bd8cb42fd72d
1,Booker's,Booker's 2023-03 'Mighty Fine Batch',,https://jafcwggqgqxrcbuxjreo.supabase.co/storage/v1/object/public/product-catalog/bourbon/d2b44867-7027-476c-99ed-4046c30e6849.jpg,d2b44867-7027-476c-99ed-4046c30e6849
1,Boone County,Boone County Eighteen 33 Single Barrel,Single Barrel,https://jafcwggqgqxrcbuxjreo.supabase.co/storage/v1/object/public/product-catalog/bourbon/bf7085ef-7eed-4ee5-a6a6-0c479c9f0301.jpg?t=1780179529678,bf7085ef-7eed-4ee5-a6a6-0c479c9f0301
1,Buckner's,"Buckner's Single Barrel, Cask Strength, Unfiltered",Single Barrel,https://jafcwggqgqxrcbuxjreo.supabase.co/storage/v1/object/public/product-catalog/bourbon/4ee393b7-7a1a-4053-8885-688e9af20727.jpg,4ee393b7-7a1a-4053-8885-688e9af20727
1,Castle & Key,"Castle & Key Restoration Rye, Single Barrel",Single Barrel,https://jafcwggqgqxrcbuxjreo.supabase.co/storage/v1/object/public/product-catalog/bourbon/71d2d787-d311-4fd9-a526-c40b45ee73a0.jpg,71d2d787-d311-4fd9-a526-c40b45ee73a0
1,Colonel E.H. Taylor,"Colonel E.H. Taylor Small Batch, Bottled-in-Bond",Small Batch,https://jafcwggqgqxrcbuxjreo.supabase.co/storage/v1/object/public/product-catalog/bourbon/7492d321-d674-40cb-a589-2cd9f43ba81e.jpg,7492d321-d674-40cb-a589-2cd9f43ba81e
1,Eagle Rare,"Eagle Rare Single Barrel, 10 Year",Single Barrel,https://jafcwggqgqxrcbuxjreo.supabase.co/storage/v1/object/public/product-catalog/bourbon/57dd54ad-63c9-4991-adee-c65f7b1ebbfd.jpg?t=1780181624878,57dd54ad-63c9-4991-adee-c65f7b1ebbfd
1,Elijah Craig,Elijah Craig Barrel Proof — Batch A125,Barrel Proof,https://jafcwggqgqxrcbuxjreo.supabase.co/storage/v1/object/public/product-catalog/bourbon/5322c20b-8f2d-4af1-8ca6-eaf20000ad2b.jpg,5322c20b-8f2d-4af1-8ca6-eaf20000ad2b
1,Elijah Craig,Elijah Craig Barrel Proof — Private Barrel,Private Barrel,https://jafcwggqgqxrcbuxjreo.supabase.co/storage/v1/object/public/product-catalog/bourbon/bfa5b824-f456-4056-b284-0984f7a0e3ed.jpg,bfa5b824-f456-4056-b284-0984f7a0e3ed
1,Elmer T. Lee,Elmer T. Lee Single Barrel,Single Barrel,https://jafcwggqgqxrcbuxjreo.supabase.co/storage/v1/object/public/product-catalog/bourbon/907349ab-3a74-4db4-926e-2ebaf324224c.jpg?t=1780181602525,907349ab-3a74-4db4-926e-2ebaf324224c
1,Evan Williams,Evan Williams Single Barrel,Single Barrel,https://jafcwggqgqxrcbuxjreo.supabase.co/storage/v1/object/public/product-catalog/bourbon/ed69db61-c84e-4aca-8343-740ceedae9e2.jpg,ed69db61-c84e-4aca-8343-740ceedae9e2
1,Garrison Brothers,Garrison Brothers Honey Dew,,https://jafcwggqgqxrcbuxjreo.supabase.co/storage/v1/object/public/product-catalog/bourbon/233b1890-529c-43f5-b775-b12ac186a3f1.jpg,233b1890-529c-43f5-b775-b12ac186a3f1
1,Heaven Hill,Heaven Hill Bottled in Bond,Bottled-in-Bond,https://jafcwggqgqxrcbuxjreo.supabase.co/storage/v1/object/public/product-catalog/bourbon/7b7b9523-6aec-4c3f-a8c9-e92780f7728c.jpg,7b7b9523-6aec-4c3f-a8c9-e92780f7728c
1,Henry McKenna,"Henry McKenna Single Barrel, Bottled-in-Bond",Single Barrel,https://jafcwggqgqxrcbuxjreo.supabase.co/storage/v1/object/public/product-catalog/bourbon/456f5ae0-f62b-41f8-9052-16c1ad0b4bfc.jpg,456f5ae0-f62b-41f8-9052-16c1ad0b4bfc
1,Hibiki,Hibiki Japanese Harmony,,https://jafcwggqgqxrcbuxjreo.supabase.co/storage/v1/object/public/product-catalog/bourbon/8c3cae59-ad39-41cb-b1e4-709c69369773.jpg,8c3cae59-ad39-41cb-b1e4-709c69369773
1,Horse Soldier,Horse Soldier Single Barrel,Single Barrel,https://jafcwggqgqxrcbuxjreo.supabase.co/storage/v1/object/public/product-catalog/bourbon/9c22f71a-8680-44d5-8221-feafc4a0b1b5.jpg,9c22f71a-8680-44d5-8221-feafc4a0b1b5
1,I.W. Harper,I.W. Harper,,https://jafcwggqgqxrcbuxjreo.supabase.co/storage/v1/object/public/product-catalog/bourbon/95fdd45e-e062-4c5c-a526-6f02268818d8.jpg,95fdd45e-e062-4c5c-a526-6f02268818d8
1,Jefferson's,Jefferson's Very Small Batch Bourbon,Small Batch,https://jafcwggqgqxrcbuxjreo.supabase.co/storage/v1/object/public/product-catalog/bourbon/7065da6d-ce22-4c64-8c94-b2e6d71e587b.jpg,7065da6d-ce22-4c64-8c94-b2e6d71e587b
1,Knob Creek,Knob Creek 12 Year,,https://jafcwggqgqxrcbuxjreo.supabase.co/storage/v1/object/public/product-catalog/bourbon/863281a6-8f59-45d3-91db-1bfc7f0069dd.jpg,863281a6-8f59-45d3-91db-1bfc7f0069dd
1,Larceny,Larceny,Small Batch,https://jafcwggqgqxrcbuxjreo.supabase.co/storage/v1/object/public/product-catalog/bourbon/24a2e3d9-9e7c-4021-aa15-9faabad71e13.jpg,24a2e3d9-9e7c-4021-aa15-9faabad71e13
1,Little Book,Little Book Chapter 7 'In Retrospect' (2023),,https://jafcwggqgqxrcbuxjreo.supabase.co/storage/v1/object/public/product-catalog/bourbon/255e4f08-c127-408d-9379-8ddc76bc015b.jpg,255e4f08-c127-408d-9379-8ddc76bc015b
1,Lucky Seven,"Lucky Seven The Holiday Toast, Double Oak",,https://jafcwggqgqxrcbuxjreo.supabase.co/storage/v1/object/public/product-catalog/bourbon/9857ad9a-439a-4678-beb8-d5a8811c82d9.jpg,9857ad9a-439a-4678-beb8-d5a8811c82d9
1,Maker's Mark,Maker's Mark,,https://jafcwggqgqxrcbuxjreo.supabase.co/storage/v1/object/public/product-catalog/bourbon/5ae039ed-36dd-4a45-a169-39b38e08959e.jpg,5ae039ed-36dd-4a45-a169-39b38e08959e
1,Old Forester,1870 Original Batch,,https://jafcwggqgqxrcbuxjreo.supabase.co/storage/v1/object/public/product-catalog/bourbon/65a75061-295f-4951-a654-1aa30e2e8940.jpg,65a75061-295f-4951-a654-1aa30e2e8940
1,Old Forester,Old Forester 100 Proof Signature,,https://jafcwggqgqxrcbuxjreo.supabase.co/storage/v1/object/public/product-catalog/bourbon/09e48a71-3889-4da3-a607-4f967bcb7675.jpg?t=1780178761547,09e48a71-3889-4da3-a607-4f967bcb7675
1,Old Forester,Old Forester 1920 Prohibition Style,,https://jafcwggqgqxrcbuxjreo.supabase.co/storage/v1/object/public/product-catalog/bourbon/9e35882a-dba3-4cd8-a5b0-f70d21c61bf4.jpg,9e35882a-dba3-4cd8-a5b0-f70d21c61bf4
1,Old Forester,Old Forester 1924 — 10 Year,,https://jafcwggqgqxrcbuxjreo.supabase.co/storage/v1/object/public/product-catalog/bourbon/e2064bd9-9fb0-4893-a664-efebd3f1b51c.jpg,e2064bd9-9fb0-4893-a664-efebd3f1b51c
1,Old Forester,Old Forester King Ranch,,https://jafcwggqgqxrcbuxjreo.supabase.co/storage/v1/object/public/product-catalog/bourbon/ea158fc5-57cf-4b4d-8af2-a6d53a9d44b1.jpg?t=1780189527591,ea158fc5-57cf-4b4d-8af2-a6d53a9d44b1
1,Old Forester,"Old Forester Single Barrel, Barrel Strength",Single Barrel,https://jafcwggqgqxrcbuxjreo.supabase.co/storage/v1/object/public/product-catalog/bourbon/54a81325-9b7d-4586-8862-84213ad9ccc9.jpg,54a81325-9b7d-4586-8862-84213ad9ccc9
1,Old Grand-Dad,Old Grand-Dad Bottled-in-Bond,Bottled-in-Bond,https://jafcwggqgqxrcbuxjreo.supabase.co/storage/v1/object/public/product-catalog/bourbon/c5475639-1c76-497b-986b-4660592f92f7.jpg,c5475639-1c76-497b-986b-4660592f92f7
1,Peerless,Peerless Single Barrel Bourbon,Single Barrel,https://jafcwggqgqxrcbuxjreo.supabase.co/storage/v1/object/public/product-catalog/bourbon/af105ecb-2432-42b6-9a37-9aaafd538870.jpg,af105ecb-2432-42b6-9a37-9aaafd538870
1,Uncle Nearest,Uncle Nearest 1856,,https://jafcwggqgqxrcbuxjreo.supabase.co/storage/v1/object/public/product-catalog/bourbon/456f14ce-54d6-4fcd-a1ee-d936850add8c.jpg?t=1780182591538,456f14ce-54d6-4fcd-a1ee-d936850add8c
1,Uncle Nearest,Uncle Nearest 1884,,https://jafcwggqgqxrcbuxjreo.supabase.co/storage/v1/object/public/product-catalog/bourbon/9dcb78fc-36d8-4962-85ef-2d0ab9674b38.jpg?t=1780182563997,9dcb78fc-36d8-4962-85ef-2d0ab9674b38
1,WhistlePig,WhistlePig PiggyBack 100% Rye,,https://jafcwggqgqxrcbuxjreo.supabase.co/storage/v1/object/public/product-catalog/bourbon/a811b04b-b56b-439b-9e73-b47f2cd2c993.jpg,a811b04b-b56b-439b-9e73-b47f2cd2c993
1,WhistlePig,"WhistlePig Single Barrel Rye, 10 Year",Single Barrel,https://jafcwggqgqxrcbuxjreo.supabase.co/storage/v1/object/public/product-catalog/bourbon/b2420717-cec1-49ac-b11e-e5e3c8b92e94.jpg,b2420717-cec1-49ac-b11e-e5e3c8b92e94
1,Wild Turkey,Wild Turkey 101,,https://jafcwggqgqxrcbuxjreo.supabase.co/storage/v1/object/public/product-catalog/bourbon/b8b6f3e0-a5d2-423b-925c-5563a05d17e7.jpg,b8b6f3e0-a5d2-423b-925c-5563a05d17e7
1,Wild Turkey,Wild Turkey Generations 70th Anniversary Release,,https://jafcwggqgqxrcbuxjreo.supabase.co/storage/v1/object/public/product-catalog/bourbon/58a1e88f-0f24-4f5f-8dd8-a5559f4f42ae.jpg,58a1e88f-0f24-4f5f-8dd8-a5559f4f42ae
1,Wild Turkey,Wild Turkey Longbranch,,https://jafcwggqgqxrcbuxjreo.supabase.co/storage/v1/object/public/product-catalog/bourbon/12e2f298-8c8f-4b5b-b2a7-f1657a63d30e.jpg,12e2f298-8c8f-4b5b-b2a7-f1657a63d30e
1,Wild Turkey,Wild Turkey Rare Breed,,https://jafcwggqgqxrcbuxjreo.supabase.co/storage/v1/object/public/product-catalog/bourbon/10f89810-ae93-44e2-8b69-39e6bb9d3d82.jpg,10f89810-ae93-44e2-8b69-39e6bb9d3d82
1,Yellowstone,"Yellowstone Hand Picked Collection, Single Barrel",Single Barrel,https://jafcwggqgqxrcbuxjreo.supabase.co/storage/v1/object/public/product-catalog/bourbon/da025fd5-2f68-46b6-aa12-f00dda369a67.jpg,da025fd5-2f68-46b6-aa12-f00dda369a67
1,Yellowstone,Yellowstone Select,,https://jafcwggqgqxrcbuxjreo.supabase.co/storage/v1/object/public/product-catalog/bourbon/2a78f5a1-6906-4340-a12b-de1a00a1a3e4.jpg,2a78f5a1-6906-4340-a12b-de1a00a1a3e4
2,1792,1792 Bottled-in-Bond,Bottled-in-Bond,https://jafcwggqgqxrcbuxjreo.supabase.co/storage/v1/object/public/product-catalog/bourbon/e5253b95-5f9e-44bc-97c2-d3a069fe2b50.jpg?t=1780178436781,e5253b95-5f9e-44bc-97c2-d3a069fe2b50
2,1792,1792 Single Barrel,Single Barrel,https://jafcwggqgqxrcbuxjreo.supabase.co/storage/v1/object/public/product-catalog/bourbon/b31ddd89-09e2-4de4-bad0-004d5f381096.jpg?t=1780178465405,b31ddd89-09e2-4de4-bad0-004d5f381096
2,1792,1792 Sweet Wheat,,https://jafcwggqgqxrcbuxjreo.supabase.co/storage/v1/object/public/product-catalog/bourbon/b822bfca-3be3-4993-a44e-a188c7fd9e81.jpg?t=1780178492686,b822bfca-3be3-4993-a44e-a188c7fd9e81
2,Angel's Envy,Angel's Envy Port Barrel Finish,,https://jafcwggqgqxrcbuxjreo.supabase.co/storage/v1/object/public/product-catalog/bourbon/7755aa39-9e75-4f4c-ba82-70cc9b499422.jpg?t=1780178981175,7755aa39-9e75-4f4c-ba82-70cc9b499422
2,Angel's Envy,"Angel's Envy Private Selection, Port Barrel Finish",,https://jafcwggqgqxrcbuxjreo.supabase.co/storage/v1/object/public/product-catalog/bourbon/e821fce0-932c-4b6a-90e9-b841ef31e443.jpg,e821fce0-932c-4b6a-90e9-b841ef31e443
2,Angel's Envy,Angel's Envy Rye,,https://jafcwggqgqxrcbuxjreo.supabase.co/storage/v1/object/public/product-catalog/bourbon/d09fb1dc-1062-4829-8620-f7f00424bacf.jpg?t=1780179016626,d09fb1dc-1062-4829-8620-f7f00424bacf
2,Backbone Bourbon,"Backbone Bourbon Uncut, Single Barrel",Single Barrel,https://jafcwggqgqxrcbuxjreo.supabase.co/storage/v1/object/public/product-catalog/bourbon/04a490f0-155a-475e-8ab8-aa239af55aab.jpg,04a490f0-155a-475e-8ab8-aa239af55aab
2,Baker's,Baker's Single Barrel 7 Year,Single Barrel,https://jafcwggqgqxrcbuxjreo.supabase.co/storage/v1/object/public/product-catalog/bourbon/338397c2-cdc8-4020-b096-bdbc6d7d254a.jpg,338397c2-cdc8-4020-b096-bdbc6d7d254a
2,Barrell,Barrell Bourbon,,https://jafcwggqgqxrcbuxjreo.supabase.co/storage/v1/object/public/product-catalog/bourbon/52b101e3-833d-47bf-b06a-3e4fb2b63bfc.jpg,52b101e3-833d-47bf-b06a-3e4fb2b63bfc
2,Barrell,Barrell Cask Finish Series,,https://jafcwggqgqxrcbuxjreo.supabase.co/storage/v1/object/public/product-catalog/bourbon/5ece24fc-a981-4138-bb91-ccde8a8c9d1e.jpg,5ece24fc-a981-4138-bb91-ccde8a8c9d1e
2,Barrell,Barrell Dovetail,,https://jafcwggqgqxrcbuxjreo.supabase.co/storage/v1/object/public/product-catalog/bourbon/f7d4fe3d-697b-48a5-99bd-f6118f09d8dc.jpg,f7d4fe3d-697b-48a5-99bd-f6118f09d8dc
2,Barrell,Barrell Private Release,,https://jafcwggqgqxrcbuxjreo.supabase.co/storage/v1/object/public/product-catalog/bourbon/13dcb8a9-c20a-471d-8a9a-dd2526f70b40.jpg,13dcb8a9-c20a-471d-8a9a-dd2526f70b40
2,Barrell,Barrell Seagrass,,https://jafcwggqgqxrcbuxjreo.supabase.co/storage/v1/object/public/product-catalog/bourbon/7e1056cc-cd76-43f9-93f4-5e545ca3e2da.jpg?t=1780178043009,7e1056cc-cd76-43f9-93f4-5e545ca3e2da
2,Barrell,Barrell Vantage,,https://jafcwggqgqxrcbuxjreo.supabase.co/storage/v1/object/public/product-catalog/bourbon/8a95fe95-1216-4ba0-9145-fc87c4f228b0.jpg?t=1780178071298,8a95fe95-1216-4ba0-9145-fc87c4f228b0
2,Blackened,Blackened,,https://jafcwggqgqxrcbuxjreo.supabase.co/storage/v1/object/public/product-catalog/bourbon/04805b99-ea71-4abc-8b7d-02dba16e1948.jpg?t=1780274908035,04805b99-ea71-4abc-8b7d-02dba16e1948
2,Blackened,Blackened Cask Strength,Cask Strength,https://jafcwggqgqxrcbuxjreo.supabase.co/storage/v1/object/public/product-catalog/bourbon/60fee48d-9e38-4507-b953-ca172c64f659.jpg?t=1780179590477,60fee48d-9e38-4507-b953-ca172c64f659
2,Bloody Butcher's Creed,"Bloody Butcher's Creed Single Barrel, Cobb Barrel Pick",Single Barrel,https://jafcwggqgqxrcbuxjreo.supabase.co/storage/v1/object/public/product-catalog/bourbon/5fc7dc25-a836-4e3f-acd1-97ddd612e220.jpg?t=1780275323275,5fc7dc25-a836-4e3f-acd1-97ddd612e220
2,Castle & Key,Castle & Key Bourbon,,https://jafcwggqgqxrcbuxjreo.supabase.co/storage/v1/object/public/product-catalog/bourbon/c777ed33-1746-49ee-a62f-b08b7e2820e5.jpg,c777ed33-1746-49ee-a62f-b08b7e2820e5
2,Castle & Key,Restoration,,https://jafcwggqgqxrcbuxjreo.supabase.co/storage/v1/object/public/product-catalog/bourbon/7d9821fe-80df-46bc-96af-56584b7d1188.jpg,7d9821fe-80df-46bc-96af-56584b7d1188
2,Colonel E.H. Taylor,Colonel E.H. Taylor Jr. Barrel Proof,Barrel Proof,https://jafcwggqgqxrcbuxjreo.supabase.co/storage/v1/object/public/product-catalog/bourbon/218a7dc3-28aa-4a09-a298-efa91e06a0e2.jpg?t=1780181655182,218a7dc3-28aa-4a09-a298-efa91e06a0e2
2,Colonel E.H. Taylor,Colonel E.H. Taylor Single Barrel,Single Barrel,https://jafcwggqgqxrcbuxjreo.supabase.co/storage/v1/object/public/product-catalog/bourbon/c3d36580-c186-4047-a324-4cba97eca160.jpg?t=1780181713836,c3d36580-c186-4047-a324-4cba97eca160
2,Daviess County,Daviess County Double Barrel,,https://jafcwggqgqxrcbuxjreo.supabase.co/storage/v1/object/public/product-catalog/bourbon/c0e7bfe7-287d-42d9-8c74-f3bc87a416e7.jpg,c0e7bfe7-287d-42d9-8c74-f3bc87a416e7
2,Daviess County,Daviess County Toasted Barrel Finish Series,,https://jafcwggqgqxrcbuxjreo.supabase.co/storage/v1/object/public/product-catalog/bourbon/167daee3-9bb5-404e-93db-4c3dbae1cf24.jpg,167daee3-9bb5-404e-93db-4c3dbae1cf24
2,Elijah Craig,Elijah Craig Toasted Barrel,,https://jafcwggqgqxrcbuxjreo.supabase.co/storage/v1/object/public/product-catalog/bourbon/1b68b52d-2afc-425b-b77b-bdde38571f41.jpg,1b68b52d-2afc-425b-b77b-bdde38571f41
2,Flatboat,Flatboat KY Straight Bourbon,,https://jafcwggqgqxrcbuxjreo.supabase.co/storage/v1/object/public/product-catalog/bourbon/f407b4a0-7099-48fc-ba83-150ff9d86420.jpg,f407b4a0-7099-48fc-ba83-150ff9d86420
2,Four Roses,Four Roses,,https://jafcwggqgqxrcbuxjreo.supabase.co/storage/v1/object/public/product-catalog/bourbon/13dfb4eb-7a77-4446-89c7-eccb963b8913.jpg,13dfb4eb-7a77-4446-89c7-eccb963b8913
2,H.K. Young,"H.K. Young Kentucky Straight Bourbon, Toasted Barrel Blend",,https://jafcwggqgqxrcbuxjreo.supabase.co/storage/v1/object/public/product-catalog/bourbon/3d6b3440-bf4f-4e45-97f7-1adf5856e42b.jpg,3d6b3440-bf4f-4e45-97f7-1adf5856e42b
2,Heaven's Door,"Heaven's Door Cask Strength, Single Barrel",Single Barrel,https://jafcwggqgqxrcbuxjreo.supabase.co/storage/v1/object/public/product-catalog/bourbon/d02be228-4b00-41b7-b614-b1131eafb132.jpg?t=1780182151915,d02be228-4b00-41b7-b614-b1131eafb132
2,Horse Soldier,Horse Soldier,,https://jafcwggqgqxrcbuxjreo.supabase.co/storage/v1/object/public/product-catalog/bourbon/849714fa-4d20-450a-933c-b560255727f4.jpg,849714fa-4d20-450a-933c-b560255727f4
2,Jack Daniel's,Jack Daniel's Bottled in Bond,Bottled-in-Bond,https://jafcwggqgqxrcbuxjreo.supabase.co/storage/v1/object/public/product-catalog/bourbon/725faf93-f31c-4ef9-964e-e99d17bbd926.jpg,725faf93-f31c-4ef9-964e-e99d17bbd926
2,Jack Daniel's,Jack Daniel's Single Barrel,Single Barrel,https://jafcwggqgqxrcbuxjreo.supabase.co/storage/v1/object/public/product-catalog/bourbon/9ffa520e-63f8-4082-9f6e-379c9817d927.jpg,9ffa520e-63f8-4082-9f6e-379c9817d927
2,Jack Daniel's,Jack Daniel's Single Barrel Barrel Proof,Single Barrel,https://jafcwggqgqxrcbuxjreo.supabase.co/storage/v1/object/public/product-catalog/bourbon/f653e8a1-d309-4abd-8ea5-34adf34da5c3.jpg,f653e8a1-d309-4abd-8ea5-34adf34da5c3
2,James B. Beam,James B. Beam Distiller's Share 03 — Wine & Sherry Finish,,https://jafcwggqgqxrcbuxjreo.supabase.co/storage/v1/object/public/product-catalog/bourbon/5f0f36ef-4f83-4868-adc7-7d1446c6cfeb.jpg?t=1780182290424,5f0f36ef-4f83-4868-adc7-7d1446c6cfeb
2,Jefferson's,Jefferson's Ocean Aged at Sea,,https://jafcwggqgqxrcbuxjreo.supabase.co/storage/v1/object/public/product-catalog/bourbon/f96ff5bd-ca1c-4b46-88fa-0c9f12f54304.jpg,f96ff5bd-ca1c-4b46-88fa-0c9f12f54304
2,Jim Beam,Distiller's Cut,,https://jafcwggqgqxrcbuxjreo.supabase.co/storage/v1/object/public/product-catalog/bourbon/04c0e847-a149-4a63-84a1-662068bd9781.jpg,04c0e847-a149-4a63-84a1-662068bd9781
2,Jim Beam,Jim Beam Black 7 Year,,(none),ce14777d-20fb-4658-bb33-629f91169ff0
2,Jim Beam,Jim Beam Bonded,Bottled-in-Bond,(none),2028bebc-2213-4774-bc61-e5f668f3fdb3
2,Jim Beam,Jim Beam Single Barrel,Single Barrel,(none),4a7b4601-1ecb-455a-a504-d843f2b6bfd6
2,Jim Beam,Signature Craft,,https://jafcwggqgqxrcbuxjreo.supabase.co/storage/v1/object/public/product-catalog/bourbon/3b6ed3a2-b17e-4d52-a765-23e5864e55bc.jpg,3b6ed3a2-b17e-4d52-a765-23e5864e55bc
2,Journeyman,"Journeyman Corsets, Whips & Whiskey",,https://jafcwggqgqxrcbuxjreo.supabase.co/storage/v1/object/public/product-catalog/bourbon/093a34bf-0993-4df0-ab2e-31224b235c39.jpg?t=1780182361527,093a34bf-0993-4df0-ab2e-31224b235c39
2,K.Luke,"K.Luke Cask Finished Single Barrel, Cognac Cask",Single Barrel,https://jafcwggqgqxrcbuxjreo.supabase.co/storage/v1/object/public/product-catalog/bourbon/8c13f97e-8e6a-409e-92e0-ae31a905ac69.jpg,8c13f97e-8e6a-409e-92e0-ae31a905ac69
2,Knob Creek,Knob Creek,Small Batch,https://jafcwggqgqxrcbuxjreo.supabase.co/storage/v1/object/public/product-catalog/bourbon/37b8e204-1e39-449a-b203-328686d5816c.jpg,37b8e204-1e39-449a-b203-328686d5816c
2,Knob Creek,"Knob Creek Single Barrel Select, 9 Year",Single Barrel,https://jafcwggqgqxrcbuxjreo.supabase.co/storage/v1/object/public/product-catalog/bourbon/71225035-349f-4dcd-ac7c-275eeca1bed5.jpg,71225035-349f-4dcd-ac7c-275eeca1bed5
2,Larceny,Larceny Barrel Proof,Barrel Proof,https://jafcwggqgqxrcbuxjreo.supabase.co/storage/v1/object/public/product-catalog/bourbon/293db85f-db1c-4459-8824-87c8e0c45a84.jpg,293db85f-db1c-4459-8824-87c8e0c45a84
2,Legent,Legent Yamazaki Cask Finish,,https://jafcwggqgqxrcbuxjreo.supabase.co/storage/v1/object/public/product-catalog/bourbon/30f715a3-013f-4f06-898c-480f9f820ada.jpg,30f715a3-013f-4f06-898c-480f9f820ada
2,Lincoln,"Lincoln KY Straight Bourbon, Cask Strength",Cask Strength,(none),24f2896f-d229-4383-8e14-537563afb394
2,Maker's Mark,Maker's Mark Cask Strength,Cask Strength,https://jafcwggqgqxrcbuxjreo.supabase.co/storage/v1/object/public/product-catalog/bourbon/ca606168-694a-4712-b602-b6af97db876f.jpg,ca606168-694a-4712-b602-b6af97db876f
2,Maker's Mark,Maker's Mark No. 46 French Oaked,,https://jafcwggqgqxrcbuxjreo.supabase.co/storage/v1/object/public/product-catalog/bourbon/9c24e0ec-bc65-4ad6-a35f-727af74286cf.jpg,9c24e0ec-bc65-4ad6-a35f-727af74286cf
2,Michter's,Michter's US-1 Small Batch,Small Batch,https://jafcwggqgqxrcbuxjreo.supabase.co/storage/v1/object/public/product-catalog/bourbon/ab616e4b-1ead-46b4-a409-65bc5058c5c9.jpg,ab616e4b-1ead-46b4-a409-65bc5058c5c9
2,New Riff,New Riff 8 year old,,https://jafcwggqgqxrcbuxjreo.supabase.co/storage/v1/object/public/product-catalog/bourbon/ad270781-fbf2-4e4f-9d3b-ec5b40e4225a.jpg,ad270781-fbf2-4e4f-9d3b-ec5b40e4225a
2,New Riff,"New Riff Single Barrel Bourbon, Barrel Proof",Single Barrel,https://jafcwggqgqxrcbuxjreo.supabase.co/storage/v1/object/public/product-catalog/bourbon/0f6bf57a-90ac-40e2-b363-d58e73785bc1.jpg,0f6bf57a-90ac-40e2-b363-d58e73785bc1
2,New Riff,"New Riff Single Barrel Bourbon, Cigar Club Pick",Single Barrel,https://jafcwggqgqxrcbuxjreo.supabase.co/storage/v1/object/public/product-catalog/bourbon/17848500-bac1-44b6-b3cc-a03ad0fae91e.jpg,17848500-bac1-44b6-b3cc-a03ad0fae91e
2,New Riff,New Riff Winter Whiskey,,https://jafcwggqgqxrcbuxjreo.supabase.co/storage/v1/object/public/product-catalog/bourbon/7ecfb5c0-3601-48fb-94b9-aa20b7e38f58.jpg,7ecfb5c0-3601-48fb-94b9-aa20b7e38f58
2,O.K.I.,O.K.I. Single Barrel Straight Bourbon,Single Barrel,https://jafcwggqgqxrcbuxjreo.supabase.co/storage/v1/object/public/product-catalog/bourbon/ac0ff254-f5e0-4c3c-bec3-ee731ca76441.jpg,ac0ff254-f5e0-4c3c-bec3-ee731ca76441
2,Old Ezra,Old Ezra Barrel Strength,Cask Strength,https://jafcwggqgqxrcbuxjreo.supabase.co/storage/v1/object/public/product-catalog/bourbon/8404a9ba-862b-42f3-9d1f-62dce801e2f2.jpg,8404a9ba-862b-42f3-9d1f-62dce801e2f2
2,Old Forester,1910 Old Fine Whisky,,https://jafcwggqgqxrcbuxjreo.supabase.co/storage/v1/object/public/product-catalog/bourbon/f857d6d2-ac11-40ff-833d-37950c007478.jpg?t=1780178730965,f857d6d2-ac11-40ff-833d-37950c007478
2,Old Forester,Old Forester 1897,Bottled-in-Bond,https://jafcwggqgqxrcbuxjreo.supabase.co/storage/v1/object/public/product-catalog/bourbon/a94830b6-e400-438e-bd61-4aa1a93a6878.jpg,a94830b6-e400-438e-bd61-4aa1a93a6878
2,Old Forester,Statesman,,https://jafcwggqgqxrcbuxjreo.supabase.co/storage/v1/object/public/product-catalog/bourbon/4745ad0a-03a3-4683-839a-e0f33a3722aa.jpg?t=1780178805919,4745ad0a-03a3-4683-839a-e0f33a3722aa
2,Old Grand-Dad,Old Grand-Dad 114,,https://jafcwggqgqxrcbuxjreo.supabase.co/storage/v1/object/public/product-catalog/bourbon/074125ee-5cf1-4747-9ed3-a7a690082695.jpg,074125ee-5cf1-4747-9ed3-a7a690082695
2,Peerless,Peerless Small Batch Rye,Small Batch,https://jafcwggqgqxrcbuxjreo.supabase.co/storage/v1/object/public/product-catalog/bourbon/9b40b21e-f453-451f-a85e-e2ec9050ab28.jpg,9b40b21e-f453-451f-a85e-e2ec9050ab28
2,Rabbit Hole,Rabbit Hole Cavehill,,https://jafcwggqgqxrcbuxjreo.supabase.co/storage/v1/object/public/product-catalog/bourbon/d269dfc1-a6cc-4b4a-9432-79c0d806720d.jpg,d269dfc1-a6cc-4b4a-9432-79c0d806720d
2,Rabbit Hole,Rabbit Hole Dareringer,,https://jafcwggqgqxrcbuxjreo.supabase.co/storage/v1/object/public/product-catalog/bourbon/4bc17292-d4a7-4a84-a462-953a762a7af3.jpg,4bc17292-d4a7-4a84-a462-953a762a7af3
2,Rabbit Hole,Rabbit Hole Heigold,,https://jafcwggqgqxrcbuxjreo.supabase.co/storage/v1/object/public/product-catalog/bourbon/729e31c0-9969-4d23-b6cf-73a6074f29d6.jpg,729e31c0-9969-4d23-b6cf-73a6074f29d6
2,RD One,RD One Smoked Oak & Maple Wood (gold label),,https://jafcwggqgqxrcbuxjreo.supabase.co/storage/v1/object/public/product-catalog/bourbon/d2105782-513a-4833-ad47-9cad8d32a81c.jpg?t=1779929079731,d2105782-513a-4833-ad47-9cad8d32a81c
2,Rebel,Rebel Cask Strength,Cask Strength,https://jafcwggqgqxrcbuxjreo.supabase.co/storage/v1/object/public/product-catalog/bourbon/7d043a67-ab39-4e15-b1d5-a91d1accba25.jpg,7d043a67-ab39-4e15-b1d5-a91d1accba25
2,Russell's Reserve,Russell's Reserve 10 Year,,(none),79950c93-2561-4545-a416-39d22df88d43
2,Russell's Reserve,Russell's Reserve Private Barrel Selection,,https://jafcwggqgqxrcbuxjreo.supabase.co/storage/v1/object/public/product-catalog/bourbon/355e73eb-e369-4a31-8aef-9a6424c6e28e.jpg,355e73eb-e369-4a31-8aef-9a6424c6e28e
2,Russell's Reserve,Russell's Reserve Single Barrel,Single Barrel,https://jafcwggqgqxrcbuxjreo.supabase.co/storage/v1/object/public/product-catalog/bourbon/0ff683f5-8bce-4411-9a8f-44e9cdc677e7.jpg,0ff683f5-8bce-4411-9a8f-44e9cdc677e7
2,Russell's Reserve,Russell's Reserve Small Batch,Small Batch,https://jafcwggqgqxrcbuxjreo.supabase.co/storage/v1/object/public/product-catalog/bourbon/75b49157-642b-4c23-a550-ad06d40c09e2.jpg,75b49157-642b-4c23-a550-ad06d40c09e2
2,Shortbarrel,"Shortbarrel Cigar Batch — Marignac Cognac, Rum & Tawny Port Cask Finish",,https://jafcwggqgqxrcbuxjreo.supabase.co/storage/v1/object/public/product-catalog/bourbon/40ff6490-76c4-4513-8615-0ecca23621b5.jpg,40ff6490-76c4-4513-8615-0ecca23621b5
2,Shortbarrel,Shortbarrel Single Barrel Series — Kentucky Straight Bourbon,Single Barrel,https://jafcwggqgqxrcbuxjreo.supabase.co/storage/v1/object/public/product-catalog/bourbon/facea7f4-5677-4741-9f6c-ae9ed53a79b0.jpg,facea7f4-5677-4741-9f6c-ae9ed53a79b0
2,Shortbarrel,Shortbarrel Single Barrel Series — Kentucky Straight Rye,Single Barrel,https://jafcwggqgqxrcbuxjreo.supabase.co/storage/v1/object/public/product-catalog/bourbon/f9f2f611-8d09-4205-8f87-0f9e9339e0cb.jpg,f9f2f611-8d09-4205-8f87-0f9e9339e0cb
2,Smoke Wagon,Smoke Wagon Uncut Unfiltered,,https://jafcwggqgqxrcbuxjreo.supabase.co/storage/v1/object/public/product-catalog/bourbon/a5f995b3-360c-4960-a028-ef4412a4d804.jpg,a5f995b3-360c-4960-a028-ef4412a4d804
2,Stagg,Stagg Jr. Barrel Proof,Barrel Proof,https://jafcwggqgqxrcbuxjreo.supabase.co/storage/v1/object/public/product-catalog/bourbon/59e959c5-3a90-4580-b6b6-b2e575c7b116.jpg,59e959c5-3a90-4580-b6b6-b2e575c7b116
2,Starlight,Starlight Distillery Carl T. Huber Signature Indiana Straight,,https://jafcwggqgqxrcbuxjreo.supabase.co/storage/v1/object/public/product-catalog/bourbon/d6bfc748-6da2-4ace-a194-18dfb9b2f489.jpg,d6bfc748-6da2-4ace-a194-18dfb9b2f489
2,Starlight,Starlight Distillery Carl T. Huber's,,https://jafcwggqgqxrcbuxjreo.supabase.co/storage/v1/object/public/product-catalog/bourbon/b619ba3d-55bd-4dae-beba-c7f302bf4b2d.jpg,b619ba3d-55bd-4dae-beba-c7f302bf4b2d
2,The Morning Glory,The Morning Glory Kasha Bourbon,,https://jafcwggqgqxrcbuxjreo.supabase.co/storage/v1/object/public/product-catalog/bourbon/69ed94e1-37d4-4c22-9762-ff86610f9f22.jpg,69ed94e1-37d4-4c22-9762-ff86610f9f22
2,Town Branch,Town Branch Single Barrel Reserve Rye,Single Barrel,(none),4aceeee0-6d09-4f7e-84cd-770ba1b37726
2,Uncle Nearest,Uncle Nearest 1820,,https://jafcwggqgqxrcbuxjreo.supabase.co/storage/v1/object/public/product-catalog/bourbon/f05ba405-6eb3-491b-b1e8-423a37a4f27f.jpg,f05ba405-6eb3-491b-b1e8-423a37a4f27f
2,Watch Hill Proper,"Watch Hill Proper Honey Toasted Reserve, 2025 Limited Release",,https://jafcwggqgqxrcbuxjreo.supabase.co/storage/v1/object/public/product-catalog/bourbon/e17205cd-86be-4e5b-b777-ea686317f0b0.jpg,e17205cd-86be-4e5b-b777-ea686317f0b0
2,Weller,Weller Antique 107,,https://jafcwggqgqxrcbuxjreo.supabase.co/storage/v1/object/public/product-catalog/bourbon/8b5cc01d-b4c4-4b11-ae16-6dd3059cd8ca.jpg?t=1780178341453,8b5cc01d-b4c4-4b11-ae16-6dd3059cd8ca
2,Widow Jane,Widow Jane,,https://jafcwggqgqxrcbuxjreo.supabase.co/storage/v1/object/public/product-catalog/bourbon/40b99e37-712b-47b7-aec7-05426bf92072.jpg?t=1780182695493,40b99e37-712b-47b7-aec7-05426bf92072
2,Wild Turkey,Wild Turkey Kentucky Spirit,,https://jafcwggqgqxrcbuxjreo.supabase.co/storage/v1/object/public/product-catalog/bourbon/d83a2db3-8e3e-4832-a2a6-f23b5e5a6a71.jpg,d83a2db3-8e3e-4832-a2a6-f23b5e5a6a71
2,Willett,Johnny Drum Private Stock,,https://jafcwggqgqxrcbuxjreo.supabase.co/storage/v1/object/public/product-catalog/bourbon/06382b2b-192f-4ced-b8e7-6c7cd1ccac9f.jpg,06382b2b-192f-4ced-b8e7-6c7cd1ccac9f
2,Willett,Noah's Mill,,https://jafcwggqgqxrcbuxjreo.supabase.co/storage/v1/object/public/product-catalog/bourbon/3220a432-0261-44bf-94b7-d31bf319e76f.jpg,3220a432-0261-44bf-94b7-d31bf319e76f
2,Willett,Pure Kentucky XO,,https://jafcwggqgqxrcbuxjreo.supabase.co/storage/v1/object/public/product-catalog/bourbon/cd3d5c53-fe10-4237-9740-848b1d78a249.jpg,cd3d5c53-fe10-4237-9740-848b1d78a249
2,Willett,"Rowan's Creek, 12 Year",,https://jafcwggqgqxrcbuxjreo.supabase.co/storage/v1/object/public/product-catalog/bourbon/f767930f-a689-4cfc-ba11-9cb13b8214c7.jpg,f767930f-a689-4cfc-ba11-9cb13b8214c7
2,Woodford Reserve,"Woodford Reserve Distiller's Select Rye, Single Barrel / Barrel Strength",Single Barrel,https://jafcwggqgqxrcbuxjreo.supabase.co/storage/v1/object/public/product-catalog/bourbon/1b42ebed-8341-4996-bfd7-6569cf9772c0.jpg,1b42ebed-8341-4996-bfd7-6569cf9772c0
2,Woodford Reserve,Woodford Reserve Double Oaked,,https://jafcwggqgqxrcbuxjreo.supabase.co/storage/v1/object/public/product-catalog/bourbon/e9ff244d-2f0c-448e-964e-6ca219bc6bc4.jpg,e9ff244d-2f0c-448e-964e-6ca219bc6bc4
